Loss,Accuracy
0.21688898,0.9214442546962673
