Tn,pvalue
51571.55262100918,0.65
42459.62864290777,0.0
